development_run_count,repetition,training_rows,test_runs,test_rows,mae_ms,rmse_ms,r2,median_absolute_error_ms,p95_absolute_error_ms,p99_absolute_error_ms,selected_run_ids
5,1,6778,5,5996,148.30737293147675,433.33693936733164,-0.2972783241412136,29.972920417785645,690.6224927902222,2488.511804008503,training-s5.0-r2005-b0-m1.0-bd5-d60|training-s8.0-r2003-b0-m1.0-bd5-d60|training-s3.0-r2001-b0-m1.0-bd5-d60|training-s5.0-r2002-b1-m0.50-bd10-d60|training-s5.0-r2004-b1-m0.25-bd5-d60
10,1,14650,5,5996,144.902278450005,391.7843463883921,-0.06041508763337311,37.65919303894043,712.2454566955566,1991.8544075012314,training-s5.0-r2005-b0-m1.0-bd5-d60|training-s8.0-r2003-b0-m1.0-bd5-d60|training-s3.0-r2001-b0-m1.0-bd5-d60|training-s5.0-r2002-b1-m0.50-bd10-d60|training-s5.0-r2004-b1-m0.25-bd5-d60|training-s3.0-r2002-b0-m1.0-bd5-d60|training-s5.0-r2001-b1-m0.50-bd10-d60|training-s5.0-r2005-b1-m0.25-bd5-d60|training-s3.0-r2004-b0-m1.0-bd5-d60|training-s5.0-r2004-b0-m1.0-bd5-d60
15,1,21554,5,5996,148.63905643664856,362.37862095668083,0.09279199368548319,43.304664611816406,577.2494220733643,1724.9884250640873,training-s5.0-r2005-b0-m1.0-bd5-d60|training-s8.0-r2003-b0-m1.0-bd5-d60|training-s3.0-r2001-b0-m1.0-bd5-d60|training-s5.0-r2002-b1-m0.50-bd10-d60|training-s5.0-r2004-b1-m0.25-bd5-d60|training-s3.0-r2002-b0-m1.0-bd5-d60|training-s5.0-r2001-b1-m0.50-bd10-d60|training-s5.0-r2005-b1-m0.25-bd5-d60|training-s3.0-r2004-b0-m1.0-bd5-d60|training-s5.0-r2004-b0-m1.0-bd5-d60|training-s5.0-r2003-b1-m0.50-bd10-d60|training-s5.0-r2002-b1-m0.25-bd5-d60|training-s8.0-r2002-b0-m1.0-bd5-d60|training-s5.0-r2005-b1-m0.50-bd10-d60|training-s3.0-r2005-b0-m1.0-bd5-d60
5,2,7490,5,5996,174.54839731965853,423.11343949521023,-0.23678833032016344,36.9622745513916,785.1374816894531,2189.620467185975,training-s5.0-r2005-b1-m0.25-bd5-d60|training-s5.0-r2002-b1-m0.25-bd5-d60|training-s5.0-r2002-b1-m0.50-bd10-d60|training-s5.0-r2004-b0-m1.0-bd5-d60|training-s3.0-r2005-b0-m1.0-bd5-d60
10,2,12376,5,5996,169.13797485763413,410.4339346003524,-0.16377295502207212,31.494123458862305,813.5330963134766,1801.0988182067872,training-s5.0-r2005-b1-m0.25-bd5-d60|training-s5.0-r2002-b1-m0.25-bd5-d60|training-s5.0-r2002-b1-m0.50-bd10-d60|training-s5.0-r2004-b0-m1.0-bd5-d60|training-s3.0-r2005-b0-m1.0-bd5-d60|training-s8.0-r2002-b0-m1.0-bd5-d60|training-s5.0-r2005-b1-m0.50-bd10-d60|training-s8.0-r2005-b0-m1.0-bd5-d60|training-s5.0-r2005-b0-m1.0-bd5-d60|training-s8.0-r2003-b0-m1.0-bd5-d60
15,2,19152,5,5996,193.06238105010522,470.2753933880159,-0.5278694570977192,35.25503730773926,1118.0687942504883,2137.9295696258628,training-s5.0-r2005-b1-m0.25-bd5-d60|training-s5.0-r2002-b1-m0.25-bd5-d60|training-s5.0-r2002-b1-m0.50-bd10-d60|training-s5.0-r2004-b0-m1.0-bd5-d60|training-s3.0-r2005-b0-m1.0-bd5-d60|training-s8.0-r2002-b0-m1.0-bd5-d60|training-s5.0-r2005-b1-m0.50-bd10-d60|training-s8.0-r2005-b0-m1.0-bd5-d60|training-s5.0-r2005-b0-m1.0-bd5-d60|training-s8.0-r2003-b0-m1.0-bd5-d60|training-s5.0-r2001-b1-m0.25-bd5-d60|training-s5.0-r2002-b0-m1.0-bd5-d60|training-s5.0-r2003-b1-m0.25-bd5-d60|training-s5.0-r2004-b1-m0.25-bd5-d60|training-s5.0-r2001-b1-m0.50-bd10-d60
5,3,6596,5,5996,346.3296207355353,819.9737017443944,-3.644955805001583,32.78655433654785,2217.836181640625,3316.5169311523487,training-s5.0-r2003-b1-m0.25-bd5-d60|training-s8.0-r2003-b0-m1.0-bd5-d60|training-s5.0-r2005-b1-m0.50-bd10-d60|training-s5.0-r2005-b1-m0.25-bd5-d60|training-s5.0-r2002-b1-m0.25-bd5-d60
10,3,14372,5,5996,164.32113563564647,415.5002519170019,-0.19268105634484134,31.39316177368164,875.3159484863281,1937.4137268066424,training-s5.0-r2003-b1-m0.25-bd5-d60|training-s8.0-r2003-b0-m1.0-bd5-d60|training-s5.0-r2005-b1-m0.50-bd10-d60|training-s5.0-r2005-b1-m0.25-bd5-d60|training-s5.0-r2002-b1-m0.25-bd5-d60|training-s5.0-r2001-b1-m0.25-bd5-d60|training-s5.0-r2005-b0-m1.0-bd5-d60|training-s3.0-r2005-b0-m1.0-bd5-d60|training-s3.0-r2001-b0-m1.0-bd5-d60|training-s5.0-r2002-b0-m1.0-bd5-d60
15,3,19574,5,5996,161.90053242741615,399.7558372965949,-0.10400582955918924,29.144661903381348,713.6472015380859,1865.1331355094983,training-s5.0-r2003-b1-m0.25-bd5-d60|training-s8.0-r2003-b0-m1.0-bd5-d60|training-s5.0-r2005-b1-m0.50-bd10-d60|training-s5.0-r2005-b1-m0.25-bd5-d60|training-s5.0-r2002-b1-m0.25-bd5-d60|training-s5.0-r2001-b1-m0.25-bd5-d60|training-s5.0-r2005-b0-m1.0-bd5-d60|training-s3.0-r2005-b0-m1.0-bd5-d60|training-s3.0-r2001-b0-m1.0-bd5-d60|training-s5.0-r2002-b0-m1.0-bd5-d60|training-s8.0-r2005-b0-m1.0-bd5-d60|training-s5.0-r2001-b0-m1.0-bd5-d60|training-s8.0-r2002-b0-m1.0-bd5-d60|training-s5.0-r2003-b1-m0.50-bd10-d60|training-s5.0-r2004-b0-m1.0-bd5-d60
5,4,6072,5,5996,166.0700800461919,387.97340314618475,-0.039885798148051155,38.37779235839844,772.2405548095703,1729.3046630859376,training-s8.0-r2002-b0-m1.0-bd5-d60|training-s8.0-r2005-b0-m1.0-bd5-d60|training-s3.0-r2002-b0-m1.0-bd5-d60|training-s5.0-r2003-b1-m0.50-bd10-d60|training-s5.0-r2004-b1-m0.25-bd5-d60
10,4,13436,5,5996,157.57468061609595,372.93324169343816,0.0391758044751499,41.07701110839844,683.3934707641602,1691.3927360534703,training-s8.0-r2002-b0-m1.0-bd5-d60|training-s8.0-r2005-b0-m1.0-bd5-d60|training-s3.0-r2002-b0-m1.0-bd5-d60|training-s5.0-r2003-b1-m0.50-bd10-d60|training-s5.0-r2004-b1-m0.25-bd5-d60|training-s5.0-r2005-b1-m0.50-bd10-d60|training-s5.0-r2002-b1-m0.50-bd10-d60|training-s3.0-r2005-b0-m1.0-bd5-d60|training-s5.0-r2001-b1-m0.50-bd10-d60|training-s5.0-r2005-b0-m1.0-bd5-d60
15,4,20370,5,5996,147.66493625462823,363.88391016550656,0.0852394138352125,38.987823486328125,571.9010467529297,1711.8755306243909,training-s8.0-r2002-b0-m1.0-bd5-d60|training-s8.0-r2005-b0-m1.0-bd5-d60|training-s3.0-r2002-b0-m1.0-bd5-d60|training-s5.0-r2003-b1-m0.50-bd10-d60|training-s5.0-r2004-b1-m0.25-bd5-d60|training-s5.0-r2005-b1-m0.50-bd10-d60|training-s5.0-r2002-b1-m0.50-bd10-d60|training-s3.0-r2005-b0-m1.0-bd5-d60|training-s5.0-r2001-b1-m0.50-bd10-d60|training-s5.0-r2005-b0-m1.0-bd5-d60|training-s8.0-r2003-b0-m1.0-bd5-d60|training-s5.0-r2002-b1-m0.25-bd5-d60|training-s5.0-r2001-b0-m1.0-bd5-d60|training-s3.0-r2004-b0-m1.0-bd5-d60|training-s5.0-r2005-b1-m0.25-bd5-d60
5,5,6572,5,5996,121.99941205668026,377.30581659210196,0.016512738346166178,19.180594444274902,574.3086380623281,1943.7003527641302,training-s3.0-r2002-b0-m1.0-bd5-d60|training-s5.0-r2001-b1-m0.25-bd5-d60|training-s5.0-r2001-b1-m0.50-bd10-d60|training-s5.0-r2002-b0-m1.0-bd5-d60|training-s8.0-r2003-b0-m1.0-bd5-d60
10,5,13310,5,5996,150.3535335295375,408.9377316286198,-0.15530354431807347,26.731371879577637,841.047685623169,1991.5248664855967,training-s3.0-r2002-b0-m1.0-bd5-d60|training-s5.0-r2001-b1-m0.25-bd5-d60|training-s5.0-r2001-b1-m0.50-bd10-d60|training-s5.0-r2002-b0-m1.0-bd5-d60|training-s8.0-r2003-b0-m1.0-bd5-d60|training-s5.0-r2001-b0-m1.0-bd5-d60|training-s5.0-r2002-b1-m0.25-bd5-d60|training-s5.0-r2003-b1-m0.25-bd5-d60|training-s8.0-r2005-b0-m1.0-bd5-d60|training-s3.0-r2001-b0-m1.0-bd5-d60
15,5,19930,5,5996,143.8085971971977,379.3926310131497,0.005603651209459604,28.51616859436035,621.0634460449219,1873.075012969972,training-s3.0-r2002-b0-m1.0-bd5-d60|training-s5.0-r2001-b1-m0.25-bd5-d60|training-s5.0-r2001-b1-m0.50-bd10-d60|training-s5.0-r2002-b0-m1.0-bd5-d60|training-s8.0-r2003-b0-m1.0-bd5-d60|training-s5.0-r2001-b0-m1.0-bd5-d60|training-s5.0-r2002-b1-m0.25-bd5-d60|training-s5.0-r2003-b1-m0.25-bd5-d60|training-s8.0-r2005-b0-m1.0-bd5-d60|training-s3.0-r2001-b0-m1.0-bd5-d60|training-s5.0-r2004-b0-m1.0-bd5-d60|training-s5.0-r2005-b1-m0.50-bd10-d60|training-s8.0-r2002-b0-m1.0-bd5-d60|training-s5.0-r2003-b1-m0.50-bd10-d60|training-s3.0-r2004-b0-m1.0-bd5-d60
5,6,6338,5,5996,267.6574924430635,782.9273651874956,-3.234719847186157,20.643067359924316,1611.5228080749512,3883.196838378907,training-s5.0-r2001-b0-m1.0-bd5-d60|training-s8.0-r2003-b0-m1.0-bd5-d60|training-s5.0-r2001-b1-m0.50-bd10-d60|training-s5.0-r2005-b1-m0.25-bd5-d60|training-s5.0-r2001-b1-m0.25-bd5-d60
10,6,11730,5,5996,204.48840256302609,582.2287161224324,-1.3419034231493225,20.74376392364502,1233.11279296875,2962.6605712890632,training-s5.0-r2001-b0-m1.0-bd5-d60|training-s8.0-r2003-b0-m1.0-bd5-d60|training-s5.0-r2001-b1-m0.50-bd10-d60|training-s5.0-r2005-b1-m0.25-bd5-d60|training-s5.0-r2001-b1-m0.25-bd5-d60|training-s5.0-r2004-b0-m1.0-bd5-d60|training-s5.0-r2003-b1-m0.25-bd5-d60|training-s8.0-r2005-b0-m1.0-bd5-d60|training-s5.0-r2002-b1-m0.50-bd10-d60|training-s8.0-r2002-b0-m1.0-bd5-d60
15,6,20050,5,5996,140.53798293101548,372.7180559542384,0.04028429249248966,31.140769958496094,621.9850616455078,1772.0074447631837,training-s5.0-r2001-b0-m1.0-bd5-d60|training-s8.0-r2003-b0-m1.0-bd5-d60|training-s5.0-r2001-b1-m0.50-bd10-d60|training-s5.0-r2005-b1-m0.25-bd5-d60|training-s5.0-r2001-b1-m0.25-bd5-d60|training-s5.0-r2004-b0-m1.0-bd5-d60|training-s5.0-r2003-b1-m0.25-bd5-d60|training-s8.0-r2005-b0-m1.0-bd5-d60|training-s5.0-r2002-b1-m0.50-bd10-d60|training-s8.0-r2002-b0-m1.0-bd5-d60|training-s5.0-r2002-b0-m1.0-bd5-d60|training-s3.0-r2002-b0-m1.0-bd5-d60|training-s3.0-r2001-b0-m1.0-bd5-d60|training-s3.0-r2004-b0-m1.0-bd5-d60|training-s5.0-r2004-b1-m0.25-bd5-d60
5,7,8098,5,5996,169.84816412829682,416.8154711563866,-0.20024360166929678,41.48625946044922,792.0531616210938,2132.2518066406265,training-s3.0-r2004-b0-m1.0-bd5-d60|training-s5.0-r2005-b1-m0.50-bd10-d60|training-s3.0-r2002-b0-m1.0-bd5-d60|training-s5.0-r2002-b1-m0.25-bd5-d60|training-s5.0-r2005-b1-m0.25-bd5-d60
10,7,14626,5,5996,142.32302188091202,367.166265892193,0.06866208430633991,36.99919128417969,622.8088026046753,1752.6393939971936,training-s3.0-r2004-b0-m1.0-bd5-d60|training-s5.0-r2005-b1-m0.50-bd10-d60|training-s3.0-r2002-b0-m1.0-bd5-d60|training-s5.0-r2002-b1-m0.25-bd5-d60|training-s5.0-r2005-b1-m0.25-bd5-d60|training-s5.0-r2004-b1-m0.25-bd5-d60|training-s5.0-r2002-b1-m0.50-bd10-d60|training-s5.0-r2001-b0-m1.0-bd5-d60|training-s5.0-r2005-b0-m1.0-bd5-d60|training-s5.0-r2001-b1-m0.50-bd10-d60
15,7,20006,5,5996,156.9333813605907,414.550204394317,-0.1872331258154285,35.51848220825195,791.0205078125,2125.548754882813,training-s3.0-r2004-b0-m1.0-bd5-d60|training-s5.0-r2005-b1-m0.50-bd10-d60|training-s3.0-r2002-b0-m1.0-bd5-d60|training-s5.0-r2002-b1-m0.25-bd5-d60|training-s5.0-r2005-b1-m0.25-bd5-d60|training-s5.0-r2004-b1-m0.25-bd5-d60|training-s5.0-r2002-b1-m0.50-bd10-d60|training-s5.0-r2001-b0-m1.0-bd5-d60|training-s5.0-r2005-b0-m1.0-bd5-d60|training-s5.0-r2001-b1-m0.50-bd10-d60|training-s8.0-r2003-b0-m1.0-bd5-d60|training-s8.0-r2005-b0-m1.0-bd5-d60|training-s5.0-r2002-b0-m1.0-bd5-d60|training-s5.0-r2004-b0-m1.0-bd5-d60|training-s5.0-r2003-b1-m0.25-bd5-d60
5,8,7424,5,5996,223.25092856517202,523.5655144647831,-0.8937550544489792,42.72654724121094,1300.9464931488037,2459.7861637115498,training-s3.0-r2001-b0-m1.0-bd5-d60|training-s5.0-r2003-b1-m0.25-bd5-d60|training-s5.0-r2003-b1-m0.50-bd10-d60|training-s5.0-r2001-b0-m1.0-bd5-d60|training-s5.0-r2004-b1-m0.25-bd5-d60
10,8,13928,5,5996,167.70382256427527,402.36210962190444,-0.11844824270554266,40.13630294799805,918.6826117038727,1767.3221031188966,training-s3.0-r2001-b0-m1.0-bd5-d60|training-s5.0-r2003-b1-m0.25-bd5-d60|training-s5.0-r2003-b1-m0.50-bd10-d60|training-s5.0-r2001-b0-m1.0-bd5-d60|training-s5.0-r2004-b1-m0.25-bd5-d60|training-s5.0-r2005-b1-m0.25-bd5-d60|training-s5.0-r2005-b1-m0.50-bd10-d60|training-s8.0-r2005-b0-m1.0-bd5-d60|training-s3.0-r2004-b0-m1.0-bd5-d60|training-s8.0-r2003-b0-m1.0-bd5-d60
15,8,21332,5,5996,154.50690621920452,377.25208195834995,0.016792848338172517,43.4156494140625,639.0747985839844,1768.4250627517704,training-s3.0-r2001-b0-m1.0-bd5-d60|training-s5.0-r2003-b1-m0.25-bd5-d60|training-s5.0-r2003-b1-m0.50-bd10-d60|training-s5.0-r2001-b0-m1.0-bd5-d60|training-s5.0-r2004-b1-m0.25-bd5-d60|training-s5.0-r2005-b1-m0.25-bd5-d60|training-s5.0-r2005-b1-m0.50-bd10-d60|training-s8.0-r2005-b0-m1.0-bd5-d60|training-s3.0-r2004-b0-m1.0-bd5-d60|training-s8.0-r2003-b0-m1.0-bd5-d60|training-s5.0-r2005-b0-m1.0-bd5-d60|training-s5.0-r2002-b1-m0.50-bd10-d60|training-s5.0-r2002-b1-m0.25-bd5-d60|training-s5.0-r2001-b1-m0.25-bd5-d60|training-s3.0-r2005-b0-m1.0-bd5-d60
5,9,6018,5,5996,163.5607187254864,433.5258380313366,-0.2984095803603872,23.224223136901855,1033.8586385957897,1914.3863525390661,training-s5.0-r2002-b0-m1.0-bd5-d60|training-s5.0-r2001-b1-m0.25-bd5-d60|training-s5.0-r2004-b1-m0.25-bd5-d60|training-s8.0-r2003-b0-m1.0-bd5-d60|training-s5.0-r2004-b0-m1.0-bd5-d60
10,9,13998,5,5996,139.34854945108316,366.46656137348083,0.07220838186566991,35.51172065734863,650.2623138427734,1752.1618810653688,training-s5.0-r2002-b0-m1.0-bd5-d60|training-s5.0-r2001-b1-m0.25-bd5-d60|training-s5.0-r2004-b1-m0.25-bd5-d60|training-s8.0-r2003-b0-m1.0-bd5-d60|training-s5.0-r2004-b0-m1.0-bd5-d60|training-s5.0-r2005-b0-m1.0-bd5-d60|training-s3.0-r2005-b0-m1.0-bd5-d60|training-s3.0-r2001-b0-m1.0-bd5-d60|training-s8.0-r2005-b0-m1.0-bd5-d60|training-s3.0-r2004-b0-m1.0-bd5-d60
15,9,20994,5,5996,146.15329477501245,362.6526521125302,0.09141941130215459,41.21063232421875,586.8064727783203,1766.70227508545,training-s5.0-r2002-b0-m1.0-bd5-d60|training-s5.0-r2001-b1-m0.25-bd5-d60|training-s5.0-r2004-b1-m0.25-bd5-d60|training-s8.0-r2003-b0-m1.0-bd5-d60|training-s5.0-r2004-b0-m1.0-bd5-d60|training-s5.0-r2005-b0-m1.0-bd5-d60|training-s3.0-r2005-b0-m1.0-bd5-d60|training-s3.0-r2001-b0-m1.0-bd5-d60|training-s8.0-r2005-b0-m1.0-bd5-d60|training-s3.0-r2004-b0-m1.0-bd5-d60|training-s5.0-r2005-b1-m0.50-bd10-d60|training-s5.0-r2002-b1-m0.50-bd10-d60|training-s5.0-r2005-b1-m0.25-bd5-d60|training-s5.0-r2002-b1-m0.25-bd5-d60|training-s5.0-r2003-b1-m0.50-bd10-d60
5,10,6232,5,5996,309.3145129433631,765.4217664070758,-3.0474673562070107,22.287436485290527,2155.6240844726562,3110.353527832033,training-s5.0-r2005-b1-m0.50-bd10-d60|training-s8.0-r2002-b0-m1.0-bd5-d60|training-s5.0-r2001-b0-m1.0-bd5-d60|training-s5.0-r2003-b1-m0.25-bd5-d60|training-s5.0-r2005-b1-m0.25-bd5-d60
10,10,14212,5,5996,166.6167491369572,395.9215625137172,-0.0829291596250945,27.8258113861084,763.4689178466797,1816.0337403386834,training-s5.0-r2005-b1-m0.50-bd10-d60|training-s8.0-r2002-b0-m1.0-bd5-d60|training-s5.0-r2001-b0-m1.0-bd5-d60|training-s5.0-r2003-b1-m0.25-bd5-d60|training-s5.0-r2005-b1-m0.25-bd5-d60|training-s5.0-r2001-b1-m0.25-bd5-d60|training-s3.0-r2004-b0-m1.0-bd5-d60|training-s3.0-r2005-b0-m1.0-bd5-d60|training-s5.0-r2002-b0-m1.0-bd5-d60|training-s5.0-r2003-b1-m0.50-bd10-d60
15,10,20412,5,5996,158.49890444216953,385.5183400283104,-0.026766817769563023,35.27821731567383,678.1639556884766,1789.0201377868655,training-s5.0-r2005-b1-m0.50-bd10-d60|training-s8.0-r2002-b0-m1.0-bd5-d60|training-s5.0-r2001-b0-m1.0-bd5-d60|training-s5.0-r2003-b1-m0.25-bd5-d60|training-s5.0-r2005-b1-m0.25-bd5-d60|training-s5.0-r2001-b1-m0.25-bd5-d60|training-s3.0-r2004-b0-m1.0-bd5-d60|training-s3.0-r2005-b0-m1.0-bd5-d60|training-s5.0-r2002-b0-m1.0-bd5-d60|training-s5.0-r2003-b1-m0.50-bd10-d60|training-s3.0-r2002-b0-m1.0-bd5-d60|training-s5.0-r2002-b1-m0.50-bd10-d60|training-s8.0-r2003-b0-m1.0-bd5-d60|training-s8.0-r2005-b0-m1.0-bd5-d60|training-s5.0-r2004-b1-m0.25-bd5-d60
5,11,7176,5,5996,151.45625266666246,382.2693705139615,-0.00953351448507811,37.34457778930664,689.7613983154297,1785.6548959732058,training-s5.0-r2005-b1-m0.50-bd10-d60|training-s5.0-r2003-b1-m0.50-bd10-d60|training-s5.0-r2002-b0-m1.0-bd5-d60|training-s3.0-r2001-b0-m1.0-bd5-d60|training-s5.0-r2002-b1-m0.50-bd10-d60
10,11,14084,5,5996,167.00678928398725,416.8544961273699,-0.2004683613899756,35.16838073730469,995.3158874511719,1837.2184448242224,training-s5.0-r2005-b1-m0.50-bd10-d60|training-s5.0-r2003-b1-m0.50-bd10-d60|training-s5.0-r2002-b0-m1.0-bd5-d60|training-s3.0-r2001-b0-m1.0-bd5-d60|training-s5.0-r2002-b1-m0.50-bd10-d60|training-s5.0-r2001-b0-m1.0-bd5-d60|training-s3.0-r2004-b0-m1.0-bd5-d60|training-s5.0-r2003-b1-m0.25-bd5-d60|training-s5.0-r2005-b1-m0.25-bd5-d60|training-s8.0-r2005-b0-m1.0-bd5-d60
15,11,21612,5,5996,156.32255094479945,394.43620161474877,-0.07481884971650765,35.57691192626953,697.8485412597656,1864.673082733159,training-s5.0-r2005-b1-m0.50-bd10-d60|training-s5.0-r2003-b1-m0.50-bd10-d60|training-s5.0-r2002-b0-m1.0-bd5-d60|training-s3.0-r2001-b0-m1.0-bd5-d60|training-s5.0-r2002-b1-m0.50-bd10-d60|training-s5.0-r2001-b0-m1.0-bd5-d60|training-s3.0-r2004-b0-m1.0-bd5-d60|training-s5.0-r2003-b1-m0.25-bd5-d60|training-s5.0-r2005-b1-m0.25-bd5-d60|training-s8.0-r2005-b0-m1.0-bd5-d60|training-s3.0-r2002-b0-m1.0-bd5-d60|training-s5.0-r2001-b1-m0.50-bd10-d60|training-s3.0-r2005-b0-m1.0-bd5-d60|training-s8.0-r2003-b0-m1.0-bd5-d60|training-s5.0-r2001-b1-m0.25-bd5-d60
5,12,7760,5,5996,125.89436991287991,346.82593266953506,0.16899265170848288,29.09864616394043,498.0266342163086,1721.8488906860368,training-s5.0-r2001-b1-m0.50-bd10-d60|training-s3.0-r2002-b0-m1.0-bd5-d60|training-s5.0-r2001-b0-m1.0-bd5-d60|training-s3.0-r2004-b0-m1.0-bd5-d60|training-s5.0-r2005-b1-m0.50-bd10-d60
10,12,13882,5,5996,145.00263871833636,376.5119216476202,0.020647125356703877,31.15335464477539,664.1591625213623,1771.5516366958623,training-s5.0-r2001-b1-m0.50-bd10-d60|training-s3.0-r2002-b0-m1.0-bd5-d60|training-s5.0-r2001-b0-m1.0-bd5-d60|training-s3.0-r2004-b0-m1.0-bd5-d60|training-s5.0-r2005-b1-m0.50-bd10-d60|training-s5.0-r2002-b1-m0.25-bd5-d60|training-s5.0-r2005-b1-m0.25-bd5-d60|training-s5.0-r2004-b1-m0.25-bd5-d60|training-s8.0-r2002-b0-m1.0-bd5-d60|training-s5.0-r2002-b0-m1.0-bd5-d60
15,12,21812,5,5996,144.43748294254124,363.63641561177957,0.08648333402330777,38.18434143066406,553.9911441802979,1744.5839651107794,training-s5.0-r2001-b1-m0.50-bd10-d60|training-s3.0-r2002-b0-m1.0-bd5-d60|training-s5.0-r2001-b0-m1.0-bd5-d60|training-s3.0-r2004-b0-m1.0-bd5-d60|training-s5.0-r2005-b1-m0.50-bd10-d60|training-s5.0-r2002-b1-m0.25-bd5-d60|training-s5.0-r2005-b1-m0.25-bd5-d60|training-s5.0-r2004-b1-m0.25-bd5-d60|training-s8.0-r2002-b0-m1.0-bd5-d60|training-s5.0-r2002-b0-m1.0-bd5-d60|training-s5.0-r2002-b1-m0.50-bd10-d60|training-s5.0-r2003-b1-m0.50-bd10-d60|training-s5.0-r2004-b0-m1.0-bd5-d60|training-s3.0-r2001-b0-m1.0-bd5-d60|training-s3.0-r2005-b0-m1.0-bd5-d60
5,13,6546,5,5996,148.3501877037257,378.7798406723549,0.008813330655615514,24.85349750518799,677.2514801025391,1766.9055088043217,training-s8.0-r2005-b0-m1.0-bd5-d60|training-s3.0-r2005-b0-m1.0-bd5-d60|training-s5.0-r2002-b0-m1.0-bd5-d60|training-s5.0-r2005-b1-m0.50-bd10-d60|training-s5.0-r2004-b0-m1.0-bd5-d60
10,13,13746,5,5996,146.7599652134714,384.98853025255244,-0.023946628724053065,32.595069885253906,719.6927881240845,1794.784975147248,training-s8.0-r2005-b0-m1.0-bd5-d60|training-s3.0-r2005-b0-m1.0-bd5-d60|training-s5.0-r2002-b0-m1.0-bd5-d60|training-s5.0-r2005-b1-m0.50-bd10-d60|training-s5.0-r2004-b0-m1.0-bd5-d60|training-s5.0-r2001-b0-m1.0-bd5-d60|training-s3.0-r2002-b0-m1.0-bd5-d60|training-s5.0-r2004-b1-m0.25-bd5-d60|training-s5.0-r2001-b1-m0.25-bd5-d60|training-s5.0-r2002-b1-m0.50-bd10-d60
15,13,21092,5,5996,149.7672793761901,389.1361166813683,-0.04612798401139839,36.336679458618164,666.9415588378906,1819.7794018745456,training-s8.0-r2005-b0-m1.0-bd5-d60|training-s3.0-r2005-b0-m1.0-bd5-d60|training-s5.0-r2002-b0-m1.0-bd5-d60|training-s5.0-r2005-b1-m0.50-bd10-d60|training-s5.0-r2004-b0-m1.0-bd5-d60|training-s5.0-r2001-b0-m1.0-bd5-d60|training-s3.0-r2002-b0-m1.0-bd5-d60|training-s5.0-r2004-b1-m0.25-bd5-d60|training-s5.0-r2001-b1-m0.25-bd5-d60|training-s5.0-r2002-b1-m0.50-bd10-d60|training-s5.0-r2003-b1-m0.25-bd5-d60|training-s5.0-r2002-b1-m0.25-bd5-d60|training-s3.0-r2001-b0-m1.0-bd5-d60|training-s5.0-r2005-b0-m1.0-bd5-d60|training-s5.0-r2001-b1-m0.50-bd10-d60
5,14,5958,5,5996,140.5849193127924,392.9568828923258,-0.06677182957491046,20.801630973815918,759.8362121582031,1833.313537406925,training-s5.0-r2001-b0-m1.0-bd5-d60|training-s8.0-r2005-b0-m1.0-bd5-d60|training-s5.0-r2005-b0-m1.0-bd5-d60|training-s5.0-r2001-b1-m0.25-bd5-d60|training-s5.0-r2002-b1-m0.25-bd5-d60
10,14,12978,5,5996,144.99187107928833,367.90245636157476,0.06492356289025714,34.41662406921387,670.4107971191406,1741.2492237091085,training-s5.0-r2001-b0-m1.0-bd5-d60|training-s8.0-r2005-b0-m1.0-bd5-d60|training-s5.0-r2005-b0-m1.0-bd5-d60|training-s5.0-r2001-b1-m0.25-bd5-d60|training-s5.0-r2002-b1-m0.25-bd5-d60|training-s8.0-r2003-b0-m1.0-bd5-d60|training-s3.0-r2001-b0-m1.0-bd5-d60|training-s5.0-r2004-b1-m0.25-bd5-d60|training-s5.0-r2005-b1-m0.50-bd10-d60|training-s5.0-r2003-b1-m0.50-bd10-d60
15,14,19062,5,5996,264.0375349057964,701.7280122488075,-2.4018829403300628,35.06102180480957,1843.8330726623535,3118.680859375,training-s5.0-r2001-b0-m1.0-bd5-d60|training-s8.0-r2005-b0-m1.0-bd5-d60|training-s5.0-r2005-b0-m1.0-bd5-d60|training-s5.0-r2001-b1-m0.25-bd5-d60|training-s5.0-r2002-b1-m0.25-bd5-d60|training-s8.0-r2003-b0-m1.0-bd5-d60|training-s3.0-r2001-b0-m1.0-bd5-d60|training-s5.0-r2004-b1-m0.25-bd5-d60|training-s5.0-r2005-b1-m0.50-bd10-d60|training-s5.0-r2003-b1-m0.50-bd10-d60|training-s5.0-r2003-b1-m0.25-bd5-d60|training-s5.0-r2002-b1-m0.50-bd10-d60|training-s5.0-r2005-b1-m0.25-bd5-d60|training-s5.0-r2002-b0-m1.0-bd5-d60|training-s8.0-r2002-b0-m1.0-bd5-d60
5,15,6786,5,5996,171.61935837616184,414.47972263932013,-0.18682945378763538,27.510717630386353,848.8291473388672,1906.8369140625034,training-s8.0-r2002-b0-m1.0-bd5-d60|training-s5.0-r2003-b1-m0.25-bd5-d60|training-s3.0-r2005-b0-m1.0-bd5-d60|training-s5.0-r2005-b1-m0.50-bd10-d60|training-s5.0-r2004-b0-m1.0-bd5-d60
10,15,14046,5,5996,160.13860350222362,382.6665793698474,-0.01163257874030621,35.35431671142578,688.753173828125,1785.6179172515876,training-s8.0-r2002-b0-m1.0-bd5-d60|training-s5.0-r2003-b1-m0.25-bd5-d60|training-s3.0-r2005-b0-m1.0-bd5-d60|training-s5.0-r2005-b1-m0.50-bd10-d60|training-s5.0-r2004-b0-m1.0-bd5-d60|training-s3.0-r2002-b0-m1.0-bd5-d60|training-s5.0-r2001-b1-m0.25-bd5-d60|training-s5.0-r2003-b1-m0.50-bd10-d60|training-s5.0-r2004-b1-m0.25-bd5-d60|training-s5.0-r2001-b0-m1.0-bd5-d60
15,15,20870,5,5996,176.4724398048076,440.25077631458765,-0.339004385268729,35.24922752380371,894.3867797851562,2235.637609863282,training-s8.0-r2002-b0-m1.0-bd5-d60|training-s5.0-r2003-b1-m0.25-bd5-d60|training-s3.0-r2005-b0-m1.0-bd5-d60|training-s5.0-r2005-b1-m0.50-bd10-d60|training-s5.0-r2004-b0-m1.0-bd5-d60|training-s3.0-r2002-b0-m1.0-bd5-d60|training-s5.0-r2001-b1-m0.25-bd5-d60|training-s5.0-r2003-b1-m0.50-bd10-d60|training-s5.0-r2004-b1-m0.25-bd5-d60|training-s5.0-r2001-b0-m1.0-bd5-d60|training-s5.0-r2005-b1-m0.25-bd5-d60|training-s5.0-r2002-b0-m1.0-bd5-d60|training-s3.0-r2001-b0-m1.0-bd5-d60|training-s8.0-r2003-b0-m1.0-bd5-d60|training-s5.0-r2002-b1-m0.25-bd5-d60
5,16,6550,5,5996,156.89000044969484,411.4885738871054,-0.16976143439015012,23.778331756591797,828.5473785400391,1889.3209144115542,training-s5.0-r2004-b1-m0.25-bd5-d60|training-s5.0-r2002-b1-m0.25-bd5-d60|training-s5.0-r2001-b1-m0.25-bd5-d60|training-s5.0-r2002-b0-m1.0-bd5-d60|training-s5.0-r2001-b0-m1.0-bd5-d60
10,16,13326,5,5996,175.13751208672693,416.6377711583991,-0.199220425534693,35.59085273742676,826.1851425170898,1912.217894268036,training-s5.0-r2004-b1-m0.25-bd5-d60|training-s5.0-r2002-b1-m0.25-bd5-d60|training-s5.0-r2001-b1-m0.25-bd5-d60|training-s5.0-r2002-b0-m1.0-bd5-d60|training-s5.0-r2001-b0-m1.0-bd5-d60|training-s5.0-r2003-b1-m0.50-bd10-d60|training-s8.0-r2002-b0-m1.0-bd5-d60|training-s3.0-r2005-b0-m1.0-bd5-d60|training-s5.0-r2004-b0-m1.0-bd5-d60|training-s5.0-r2003-b1-m0.25-bd5-d60
15,16,19728,5,5996,161.29231912004056,388.2290552780688,-0.04125669939362209,35.01553153991699,734.3931579589844,1780.170472669602,training-s5.0-r2004-b1-m0.25-bd5-d60|training-s5.0-r2002-b1-m0.25-bd5-d60|training-s5.0-r2001-b1-m0.25-bd5-d60|training-s5.0-r2002-b0-m1.0-bd5-d60|training-s5.0-r2001-b0-m1.0-bd5-d60|training-s5.0-r2003-b1-m0.50-bd10-d60|training-s8.0-r2002-b0-m1.0-bd5-d60|training-s3.0-r2005-b0-m1.0-bd5-d60|training-s5.0-r2004-b0-m1.0-bd5-d60|training-s5.0-r2003-b1-m0.25-bd5-d60|training-s8.0-r2005-b0-m1.0-bd5-d60|training-s8.0-r2003-b0-m1.0-bd5-d60|training-s3.0-r2001-b0-m1.0-bd5-d60|training-s5.0-r2002-b1-m0.50-bd10-d60|training-s5.0-r2005-b1-m0.25-bd5-d60
5,17,7460,5,5996,183.9918705065616,441.43229305568923,-0.3462010972023566,44.223920822143555,819.4449615478516,2448.235095214847,training-s5.0-r2002-b1-m0.25-bd5-d60|training-s5.0-r2005-b0-m1.0-bd5-d60|training-s3.0-r2005-b0-m1.0-bd5-d60|training-s5.0-r2004-b1-m0.25-bd5-d60|training-s5.0-r2001-b1-m0.50-bd10-d60
10,17,13744,5,5996,157.48794091071497,362.74850218847513,0.09093906722274592,43.30173110961914,562.2804985046387,1702.449778366089,training-s5.0-r2002-b1-m0.25-bd5-d60|training-s5.0-r2005-b0-m1.0-bd5-d60|training-s3.0-r2005-b0-m1.0-bd5-d60|training-s5.0-r2004-b1-m0.25-bd5-d60|training-s5.0-r2001-b1-m0.50-bd10-d60|training-s5.0-r2005-b1-m0.50-bd10-d60|training-s8.0-r2003-b0-m1.0-bd5-d60|training-s3.0-r2004-b0-m1.0-bd5-d60|training-s8.0-r2002-b0-m1.0-bd5-d60|training-s5.0-r2003-b1-m0.50-bd10-d60
15,17,21380,5,5996,140.51931392826984,359.10725899520946,0.10909764586298565,36.4819278717041,544.8409729003906,1743.2508430480966,training-s5.0-r2002-b1-m0.25-bd5-d60|training-s5.0-r2005-b0-m1.0-bd5-d60|training-s3.0-r2005-b0-m1.0-bd5-d60|training-s5.0-r2004-b1-m0.25-bd5-d60|training-s5.0-r2001-b1-m0.50-bd10-d60|training-s5.0-r2005-b1-m0.50-bd10-d60|training-s8.0-r2003-b0-m1.0-bd5-d60|training-s3.0-r2004-b0-m1.0-bd5-d60|training-s8.0-r2002-b0-m1.0-bd5-d60|training-s5.0-r2003-b1-m0.50-bd10-d60|training-s3.0-r2001-b0-m1.0-bd5-d60|training-s5.0-r2002-b0-m1.0-bd5-d60|training-s5.0-r2002-b1-m0.50-bd10-d60|training-s3.0-r2002-b0-m1.0-bd5-d60|training-s5.0-r2001-b1-m0.25-bd5-d60
5,18,5580,5,5996,153.41953618665897,428.9736706086132,-0.2712852627407032,17.035775184631348,1006.4912948608398,2098.3767213821416,training-s8.0-r2003-b0-m1.0-bd5-d60|training-s5.0-r2001-b1-m0.50-bd10-d60|training-s5.0-r2002-b1-m0.25-bd5-d60|training-s8.0-r2002-b0-m1.0-bd5-d60|training-s5.0-r2002-b1-m0.50-bd10-d60
10,18,13742,5,5996,140.698330151257,350.51770717170814,0.15120724713920974,36.85442924499512,563.3832244873047,1754.4167961120615,training-s8.0-r2003-b0-m1.0-bd5-d60|training-s5.0-r2001-b1-m0.50-bd10-d60|training-s5.0-r2002-b1-m0.25-bd5-d60|training-s8.0-r2002-b0-m1.0-bd5-d60|training-s5.0-r2002-b1-m0.50-bd10-d60|training-s5.0-r2001-b1-m0.25-bd5-d60|training-s3.0-r2004-b0-m1.0-bd5-d60|training-s5.0-r2003-b1-m0.50-bd10-d60|training-s3.0-r2001-b0-m1.0-bd5-d60|training-s5.0-r2004-b1-m0.25-bd5-d60
15,18,21072,5,5996,153.2568661234577,384.67131983193235,-0.02225996689663079,41.04207229614258,685.8533020019531,1843.6311634063761,training-s8.0-r2003-b0-m1.0-bd5-d60|training-s5.0-r2001-b1-m0.50-bd10-d60|training-s5.0-r2002-b1-m0.25-bd5-d60|training-s8.0-r2002-b0-m1.0-bd5-d60|training-s5.0-r2002-b1-m0.50-bd10-d60|training-s5.0-r2001-b1-m0.25-bd5-d60|training-s3.0-r2004-b0-m1.0-bd5-d60|training-s5.0-r2003-b1-m0.50-bd10-d60|training-s3.0-r2001-b0-m1.0-bd5-d60|training-s5.0-r2004-b1-m0.25-bd5-d60|training-s5.0-r2005-b1-m0.50-bd10-d60|training-s3.0-r2005-b0-m1.0-bd5-d60|training-s5.0-r2003-b1-m0.25-bd5-d60|training-s5.0-r2005-b0-m1.0-bd5-d60|training-s5.0-r2004-b0-m1.0-bd5-d60
5,19,7074,5,5996,136.09930967559927,389.7683491808624,-0.049530050123842484,22.305397033691406,687.9934501647949,1968.9061885833746,training-s5.0-r2005-b0-m1.0-bd5-d60|training-s5.0-r2002-b1-m0.25-bd5-d60|training-s3.0-r2001-b0-m1.0-bd5-d60|training-s5.0-r2001-b1-m0.25-bd5-d60|training-s5.0-r2002-b0-m1.0-bd5-d60
10,19,13548,5,5996,155.78417790242924,395.0923816170941,-0.07839793944634299,25.138200759887695,809.1137390136719,1771.447760772706,training-s5.0-r2005-b0-m1.0-bd5-d60|training-s5.0-r2002-b1-m0.25-bd5-d60|training-s3.0-r2001-b0-m1.0-bd5-d60|training-s5.0-r2001-b1-m0.25-bd5-d60|training-s5.0-r2002-b0-m1.0-bd5-d60|training-s5.0-r2001-b1-m0.50-bd10-d60|training-s8.0-r2003-b0-m1.0-bd5-d60|training-s8.0-r2002-b0-m1.0-bd5-d60|training-s5.0-r2005-b1-m0.25-bd5-d60|training-s3.0-r2005-b0-m1.0-bd5-d60
15,19,20406,5,5996,170.54270989075863,409.35626454628516,-0.15766957691807493,35.84357261657715,877.8855743408203,1832.8957824707047,training-s5.0-r2005-b0-m1.0-bd5-d60|training-s5.0-r2002-b1-m0.25-bd5-d60|training-s3.0-r2001-b0-m1.0-bd5-d60|training-s5.0-r2001-b1-m0.25-bd5-d60|training-s5.0-r2002-b0-m1.0-bd5-d60|training-s5.0-r2001-b1-m0.50-bd10-d60|training-s8.0-r2003-b0-m1.0-bd5-d60|training-s8.0-r2002-b0-m1.0-bd5-d60|training-s5.0-r2005-b1-m0.25-bd5-d60|training-s3.0-r2005-b0-m1.0-bd5-d60|training-s5.0-r2004-b0-m1.0-bd5-d60|training-s5.0-r2003-b1-m0.25-bd5-d60|training-s5.0-r2004-b1-m0.25-bd5-d60|training-s5.0-r2005-b1-m0.50-bd10-d60|training-s5.0-r2003-b1-m0.50-bd10-d60
5,20,9234,5,5996,150.8217196332687,360.093826385307,0.10419580927857242,59.78831481933594,580.8175830841064,1685.676134490967,training-s3.0-r2005-b0-m1.0-bd5-d60|training-s3.0-r2001-b0-m1.0-bd5-d60|training-s5.0-r2005-b1-m0.50-bd10-d60|training-s3.0-r2004-b0-m1.0-bd5-d60|training-s3.0-r2002-b0-m1.0-bd5-d60
10,20,14298,5,5996,134.62229618655326,363.07270121442826,0.08931343202014419,27.860947608947754,609.4319458007812,1741.1382434844973,training-s3.0-r2005-b0-m1.0-bd5-d60|training-s3.0-r2001-b0-m1.0-bd5-d60|training-s5.0-r2005-b1-m0.50-bd10-d60|training-s3.0-r2004-b0-m1.0-bd5-d60|training-s3.0-r2002-b0-m1.0-bd5-d60|training-s8.0-r2005-b0-m1.0-bd5-d60|training-s5.0-r2004-b0-m1.0-bd5-d60|training-s8.0-r2002-b0-m1.0-bd5-d60|training-s5.0-r2002-b0-m1.0-bd5-d60|training-s5.0-r2002-b1-m0.50-bd10-d60
15,20,20990,5,5996,143.75670977125444,368.55040874648097,0.06162693607263159,31.885412216186523,579.1130027770996,1770.9218217849739,training-s3.0-r2005-b0-m1.0-bd5-d60|training-s3.0-r2001-b0-m1.0-bd5-d60|training-s5.0-r2005-b1-m0.50-bd10-d60|training-s3.0-r2004-b0-m1.0-bd5-d60|training-s3.0-r2002-b0-m1.0-bd5-d60|training-s8.0-r2005-b0-m1.0-bd5-d60|training-s5.0-r2004-b0-m1.0-bd5-d60|training-s8.0-r2002-b0-m1.0-bd5-d60|training-s5.0-r2002-b0-m1.0-bd5-d60|training-s5.0-r2002-b1-m0.50-bd10-d60|training-s5.0-r2001-b0-m1.0-bd5-d60|training-s5.0-r2005-b0-m1.0-bd5-d60|training-s5.0-r2002-b1-m0.25-bd5-d60|training-s5.0-r2005-b1-m0.25-bd5-d60|training-s5.0-r2003-b1-m0.50-bd10-d60
20,1,27498,5,5996,148.11731902695695,378.2903708344346,0.011373353446227807,38.48801803588867,633.8036861419678,1803.4043586730968,training-s3.0-r2001-b0-m1.0-bd5-d60|training-s3.0-r2002-b0-m1.0-bd5-d60|training-s3.0-r2004-b0-m1.0-bd5-d60|training-s3.0-r2005-b0-m1.0-bd5-d60|training-s5.0-r2001-b0-m1.0-bd5-d60|training-s5.0-r2001-b1-m0.25-bd5-d60|training-s5.0-r2001-b1-m0.50-bd10-d60|training-s5.0-r2002-b0-m1.0-bd5-d60|training-s5.0-r2002-b1-m0.25-bd5-d60|training-s5.0-r2002-b1-m0.50-bd10-d60|training-s5.0-r2003-b1-m0.25-bd5-d60|training-s5.0-r2003-b1-m0.50-bd10-d60|training-s5.0-r2004-b0-m1.0-bd5-d60|training-s5.0-r2004-b1-m0.25-bd5-d60|training-s5.0-r2005-b0-m1.0-bd5-d60|training-s5.0-r2005-b1-m0.25-bd5-d60|training-s5.0-r2005-b1-m0.50-bd10-d60|training-s8.0-r2002-b0-m1.0-bd5-d60|training-s8.0-r2003-b0-m1.0-bd5-d60|training-s8.0-r2005-b0-m1.0-bd5-d60
